region,avg_rate
North Central,2007.6690400206808
Northeast,2554.1415030320695
South,1240.1831001959085
West,2456.067277131767
